Variable,Daily_Mean,Weekly_Mean,Monthly_Mean,F_statistic,p_value,Significant
Q15,2.7581829002182108,2.866961081976263,2.77984496124031,13.353271155631246,1.602280430499873e-06,Yes
ethics_concerns_score,3.342937479805323,3.3206275744031504,3.334416287632662,1.1239648595341443,0.3250140988072675,No
capabilities_score,2.943691740473457,3.102753788630799,3.204135265700483,66.39725534804073,1.8649893458381481e-29,Yes
attitudes_score,3.328338836252273,3.4023852028166224,3.641103408434431,45.33432100319105,2.29795804869087e-20,Yes
