Variable,r,p-value,N,Strength
Recommendation,0.42638841104555525,0.0,19555,Moderate
Usage,0.02854037489757612,7.042496949490097e-05,19391,Weak
Capabilities,-0.10451681124356245,7.855445654349757e-45,17971,Weak
Ethics Concerns,0.29658709652385395,0.0,16264,Weak
Attitudes,-0.06325722231309147,2.1037059776797275e-17,17971,Weak
