,Trust,Recommendation,Usage,Capabilities,Ethics Concerns,Attitudes
Trust,1.0,0.4263884110455491,0.02854037489757632,-0.10451681124356171,0.2965870965238548,-0.0632572223130917
Recommendation,0.4263884110455491,1.0,-0.002534918245665506,-0.13407438867057264,0.31884473590543594,-0.04274465914255151
Usage,0.02854037489757632,-0.002534918245665506,1.0,0.08540697680132267,-0.009753010618678417,0.06588545044753011
Capabilities,-0.10451681124356171,-0.13407438867057264,0.08540697680132267,1.0,-0.12731572527808305,0.30830771920602706
Ethics Concerns,0.2965870965238548,0.31884473590543594,-0.009753010618678417,-0.12731572527808305,1.0,0.015022751249282167
Attitudes,-0.0632572223130917,-0.04274465914255151,0.06588545044753011,0.30830771920602706,0.015022751249282167,1.0
