Grouping Variable,Groups,N,F,p-value,η²,Effect Size,Significant
Usage Frequency,"Daily, Weekly, Monthly",16168,1.1239648595341443,0.3250140988072675,0.00013904219993658503,Negligible,No
Discipline,4 fields of study,16126,5.825514437936428,0.0005662704128931695,0.0010828444941759475,Negligible,Yes
Gender,"Male, Female, Other, Prefer not to say",16261,18.634715617000793,4.612105959928504e-12,0.0034269892318219905,Negligible,Yes
Age Group,"18-21, 22-25, 26-30, 31+",16256,2.404051681370355,0.06547456070703428,0.0004435734631750749,Negligible,No
Study Level,"Undergrad, Postgrad, Doctoral",16168,1.1239648595341443,0.3250140988072675,0.00013904219993658503,Negligible,No
Region/Language,7 language groups,16313,46.504546647313056,7.987551187231035e-57,0.0168240470862724,Small,Yes
